ID_SINIESTRO;DE_TEXTO;DE_TFJ7_CASTELLANO
375394764;ROTURA DE GRIFO DE FREGADERO COCINA  ESTA OCASIONANDO ESCAPE DE AGUA  INDICA QUE NO PARA DE SALIR AUNQUE DE MOMENTO NO HA OCASIONADO DAÑOS. LLAVE DE PASO CORTADA.;Mantenimiento
375397056;A consecuenc a del viento se ha despegado del marco el cristal de la puerta de acceso a la vivienda;Fenómenos atmosféricos
375397700;Rotura de loza sanitaria de tanque de cisterna de vivienda asegurada.;Cristales, mármol y loza sanitaria
375401437;ASEGURADO INDICA FUGA DE AGUA EN SUELO DE BAñO. LLAVE DE PASO CORTADA. LEIDO ARGUMENTARIO.;Daños por agua
375402120;LLAMA ASEGURADO PARA INDICAR QUE SALE AGUA POR TECHO DE GARAJE  QUE COLINDA CON COCINA EN PLANTA SUPERIOR.  L ASEGURADO A DESCUBIERTO CALA  PERO NO PUEDE ACCEDER MAS  A TENIDO QUE CORTAR LLAVE DE PASO. LEIDO ARGUMETARIO;Daños por agua
380000208;ASEGURADO INFORMA QUE ESTANDO EN UN HOSTAL CON HABITACIONES COMPATIDAS, ALGUIEN LE HA ROBADO MALETA CON ROPA, MAQUINA DE AFEITAR, 300 EUROS EN EFECTIVO, CARNET DE CONDUCIR, LLAVES DE COCHE;Hurto
380000240;ROTURA DE TUBERÍA VISTA ASEG INDICA QUE SALE AGUA POR DEBAJO DEL INODORO DEL úNICO BAñO DE LA VVDA. CORTA LLAVE DE PASO GRAL. NO OBSERVA DAñOS A PRIORI AUNQUE EL AGUA HA MOJADO UN MUEBLE DE MADERA.;Daños por agua
380000430;LA MUJER COMUNICA DESCRIPCIÓN AVERÍA CON DAñOS PROPIOS EN SE CAE UNA CAJA DE HERRAMIENTAS ENCIMA DE UN LAVADERO Y ESTE DEL IMPACTO SE DESPRENDE DE LA PARED DESPEGANDO AZULEJOS Y SOBLANDO LAS PATAS DEL LAVADERO. , PARED# LEO## ARGUMENTARIO#;Otras contingencias
380002873;LLAMA ASEGURADA INDICA ROTURA DE CRISTAL DE MAMPARA DE DUCHA POR IMPACTO ACCIDENTAL. SE INFORMA ARGUMENTARIO;Cristales, mármol y loza sanitaria
380003442;LA MUJER DOñA MANUELA COMUNICA QUE UN RADIADOR UN ELEMENTO NO LE FUNCIONA, ESTA EN EL DORMITORIO PRINCIPAL.LEIDO ARGUMENTARIOS;Daños por agua
380007591;HA SALTADO DIFERENCIAL Y LA LAVADORA HA DEJADO DE FUNCIONAR;Daños eléctricos
380007872;SE HA ROTO CRISTAL DE LA MESA CAMILLA;Cristales, mármol y loza sanitaria
380010157;Rotura de cristal de mesa, por impacto accidental. Conserva muestra.;Cristales, mármol y loza sanitaria
380011577;LLAMA ASEGURADO, INFORMA DE ROTURA ACCIDENTAL EN CRISTAL DE VITROCERáMICA POR IMPACTO DE OLLA, SE LEE ARGUMENTARIO.;Cristales, mármol y loza sanitaria
380012708;SECADORA NO ENCIENDE TRAS CORTE DE LUZ EN LA ZONA. INFORMADO DE DOC Y DIRECCIóN DE ENVIO;Daños eléctricos
380013276;EL ASEGURADO/A COMUNICA#LLAMA ASEGURADO PARA INFORMAR QUE SE HA ROTO EL CRISTAL DE UNA MAMPARA NO SABE COMO SE ROMPIO SE LO ENCONTRO ESTALLADO, SOLICITA INDEMNIZACION PARA REPARAR DE FORMA PARTICULAR# CON DAñOS PROPIOS EN CRISTAL;Otras contingencias
380017640;LA PAREJA COMUNICA ROTURA CRISTAL PUERTA TERRAZA DESCONOCE CAUSA, DESEA REPARAR DE FORMA PARTICULAR, ENVIARá DOCUMENTACIóN;Cristales, mármol y loza sanitaria
380021246;ROTURA DE TUBERÍA EMPOTRADA EN ZONA DE CUARTO DE LAVADERO QUE DAñA AL VECINO DE ABAJO. COMPROBAR SI ES PROPIA, CUMUNITARIA O DE OTRO VECINO.;Daños por agua
380021568;ENCARNACION ESPOSA DEL ASEG. INFORMA QUE TIENE UNA FUGA DE AGUA EN EL PLATO DE DUCHA DEL C/B DE LA HABITACION (NO TIENE NADA QUE VER CON EL SINIESTRO ANTERIOR);Daños por agua
380025932;ASEGURADO, INFORMA DE UNA HUMEDAD EN EL TECHO DEL BAñO DE SU VECINO INFERIOR, POR LA ZONA DEL PLATO DUCHA.;Daños por agua
380026500;Humedad en techo de vecino inferior. Desconoce origen. Indica humedad en armario.;Daños por agua
380026856;LLAMA PABLO HIJO DEL ASEGURADO NOS INDICA QUE SE LE HA ESTROPEADO EL TUBO DE LA CHIMENEA DEL SALON REPARARA PARTICULARMENTE Y MANDARA LA FACTURA JUNTA CON FOTOGRAFIAS DEL SINIESTRO;Otras contingencias
380028068;Aver a en macanismo de cisterna. Informo mantenimiento;Mantenimiento
380029827;LLAMA ASEGURADO  INDICA QUE SE LE HA ROTO EL CRISTAL DE VITROCERAMICA POR IMPACTO. LEIDO ARGUMENTARIO;Cristales, mármol y loza sanitaria
380031641;LLAMA ESPOSA TITULAR, YOLANDA, INDICA TIENE HUMEDAD EN PARED DE COCINA COLINDA CON PATIO DE LUCES, EN ESA ZONA ESTA EL FREGADERO******LIMITE REPARACION 300#****INFORMO SEGUN ARGUMENTARIO SEGURCAIXA ADESLAS, ATIENDE TITULAR;Daños por agua
380032656;Escape de agua a causa de rotura de una tubería empotrada en una habitación de la planta de arriba. Causó daños en techo de planta de abajo.Vivienda unifamiliar. Envía informe y factura.;Daños por agua
380033183;circulant per la carretera i/o via C-17 no va poder evitar col·lisionar amb un animal salvatge (porc senglar), que va envair sobtadament la calçada.;Daños Materiales
380035220;Humedad en el techo del cuarto de baño del vecino inferior a causa de rotura del codo de tubería que va a la cisterna del inodoro del asegurado. Origen ya arreglado.Solo solicita atender daños a terceros.;Daños por agua
380035394;ASEG INFORMA DE AVERIA EN TERMOSTATO DE CALDERA, CREE QUE ES AVERIA ELECTRICA, SEGUN ASEG YA REVISARON LA CALDERA Y LE INFORMARON PROBLEMA DEL PROPIO TERMOSTAT.;Daños eléctricos
380036442;ASEGURADA, PETRI: CAMBIO DE MECANISMO DE CISTERNA ROCA. INFORMADA DE ARGUMENTARIO.;Mantenimiento
380038414;LAURA AGENTE 7661881 INDICA QUE LA TUBERIA QUE VA AL RADIADOR LE PIERDE AGUA. LEIDO ARGUMENTARIO;Daños por agua
380038836;EL ASEGURADO/A COMUNICA QUE POR UNA SUBIDA DE TENSION# POR AVERIA DE LA COMPAñIA ELECTRICA SE HA DAñADO EL MOTOR DE UNA CAMA;Daños eléctricos
380041897;SE RECIBE LLAMADA DE ASEGURADA INDICANDO QUE SU HIJO HA SUFRIDO ROBO CON VIOLENCIA Y LE HAN SUSTRAIDO EL MOVIL, SE INFORMA DE DOCUMENTACION A ENVIAR Y DONDE#;Robo
380045963;EL ASEGURADO/A COMUNICA POR ROTURA DE GRIFERIA DE DUCHA SE HA DAñADO PUERTA DE MADERA DE BAñO Y LA TARIMA ARGUMENTARIOS LEIDOS.;Mantenimiento
380047555;fuga de agua en tuberia de calefaccion , en zona garaje con daños propios en  habitacionverificar origen , mantenimiento y fotos;Daños por agua
380048579;ASEGURADO INFORMA QUE POR INCENDIO OCASIONANDO EN EL CUADRO ELECTRICO , HA AñADO EL CONTADOR, LO COLOCA LA EMPRESA QUE SUMINISTRA;Daños eléctricos
380048702;LLAMA ASEGUERADA INDICA QUE LA VENTANA QUE ES CORREDERA NO CIERRA BIEN.;Mantenimiento
380049809;REPARAR HORNO VERIFICAR ORIGEN DE AVERIA;Daños eléctricos
380053298;AESGURADA INDICA QUE POR IMPACTO SE HA ROTO PLATO DE DUCHA;Cristales, mármol y loza sanitaria
380053355;LLAMA ASEGURADO POR AVERIA DE LAVCAVAJILLAS AEG AVRIADO POR FALLO DE SUBIDA DE TENSION LO HA TRAMITADO CON TECNUICO PARTICULAR;Daños eléctricos
380053645;ASEGURADA INFORMA QUE LES HA CAIDO AGUA POR TECHO DE BAÑO, VERIFICAR ORIGEN Y DAÑOS;Daños por agua
380054577;Talando un arbol ha caído una rama y ha dañado la parcela de su cliente. ;EXPLOTACIÓN DAÑOS PERSONALES Y MATERIALES
380057059;ASEGURADO INDICA QUE POR VARIOS CORTES DE LUZ QUE HA HABIDO EN LA VIVIENDA LA CALDERA NO FUNCIONA CORRECTAMENTE. INDICA QUE SE PARA LA CALDERA, ARRANCA SOLA, ETC.;Daños eléctricos
380059196;JAVIER, HERMANO DE ASEGURADO COMUNICA POSIBLE ROTURA DE TUBERIA EN BAñO, CUANDO SE DUCHAN CAE AGUA EN EL PISO INFERIOR.;Daños por agua
380062000;ROTURA DE TUBERÍA EMPOTRADA POSIBLE ROTURA DE TUBERíA EMPOTRADA, HAY HUMEDAD EN VARIAS PAREDES DEL DOMICILIO, VERIFICAR ORIGEN DE LA HUMEDAD, EN EL SUELO DEL BAñO SE HA LLEGADO A OBSERVAR INUNDACIóN;Daños por agua
380062307;LLAMA JOSE MARIA, MARIDO DE ASEGURADO PARA DAR PARTE DE ROTURA DE CRISTAL DE MESA DE SALON POR IMPACTO;Cristales, mármol y loza sanitaria
380063123;LLAMA ESPOSA DOñA ANA MARIA POR TEJAS ROTAS POR IMPACTO DE OBJETOS DE VECINO LATERAL QUE NO SE HACE CARGO TRAS FUERTES VIENTOS DEL 27/12, SOLICITA ATENDAMOS DAñOS,PROPONEMOS PERITAJE A ESTUDIO. DESEA ENVIAR FOTOGRAFIAS DE LOS DAñOS A ESTUDI;Fenómenos atmosféricos
380063164;Posible subida de tensión , desconoce la fecha . No funciona la lavadora. Enciende pero no da vueltas el tambor. Gama blanca.Desconoce marca y tiene unos 7 años de antigÜedadRepara particularmente. Solicito documentación a remitir.I;Daños eléctricos
380063529;ROTURA DE TUBERÍA EMPOTRADA EMPOTRADA DEL BAñO DE LA PLANTA DE ARRIBA CON DAñOS EN TECHO DE SALON DE PLANTA INFERIR Y DAñPOS EN PARED DE VVDA COLINDANTE;Daños por agua
380063693;ADMNISTRADORA EVA# COMUNICA DAñOS EN TECHO DE BAñO DE PISO INFERIOR , EN VIVIENDA ASEGURADO NO HAY DAñOS , NO TIENE DATOS DE PERJUDICADO , LEíDO ARGUMENTARIO EN LA VISITA ESTARá ABEL INQUILINO LLAMAR A ESTE PARA CONFIRMAR LA VISITA , NO SE#;Daños por agua
380063784;ANA SOBRINA ASEGURADA INDICA QUE ESTA MOJANDO AL VECINO DE ABAJO EN EL CUARTO DE BAñO, NO TIENEN AGUA EN LA VIVIENDA. LEIDO ARGUMENTARIO;Daños por agua
380064584;Rotura de cristal de vitrocerámica por impacto accidental con botellaMarca Ikea de 1 añoHará llegar presupuest de reparación para su estudio;Cristales, mármol y loza sanitaria
380065235;ASEGURADO INFORMA DE EXPOLLIACION EN VIA PUBLICA DE UN RELOJ HUBOLT VALORADO EN 6000#. INFORMADO ENVIO DE DENUNCIA A MAIL DE COMPAÑIA;Robo
380066050;ASEGURADA INDICA ROTURA DE CAñIZO POR FUERTES VIENTOS. HUBO UN SINIESTRO ANTERIOR SIMILAR Y NO HA REPARADO. NO FUE AFECTADO EL CAñIZO EN AQUELLA OCASION. LEIDO ARGUMENTARIO. LLAMAR ANTES DE IR.;Fenómenos atmosféricos
380066522;ASEGURADO INDICA AVERIA EN HORNO POR AVERIA ELECTRICA, CREE QUE POR AVERIA EN TRANSFORMADORQUE HAY EN LA CALLE. #;Daños eléctricos
380069146;ROTURA DE TUBERIA QUE PASA POR EL ASEO;Daños por agua
380069534;Rotura del cristal de la ventana que da a la calle por impacto. Guarda vestigios.;Cristales, mármol y loza sanitaria
380069815;Rotura de mochila de loza blanca de cisterna  a causa de golpe accidental.;Cristales, mármol y loza sanitaria
380070581;LLAMA ASEGURADO POR EL VIENTO DE LOS DIAS 30 Y 31 DE DICIEMBRE 2017 SE LE HA DESPLAZADO EL TOLDO Y SE HA ROTO LA TELA  EL TOLDO ES DE LA TERRAZA  LEIDO ARGUMENTARIO;Fenómenos atmosféricos
380073262;PERJUDICADA RECLAMA ATASCO EN ARUQETA OCASIONADO POR BARRAS DE HIERRO Y PIEDRAS QUE HABIA EN EL POZO DEL AYUNTAMIENTO POR OBRAS DEL AÑO ANTERIOR.;Daños Materiales
380073411;Ipas. Avería comunitaria reparada de forma particular, pendiente daños de pintura en 2ºA y 2ºB. Franq. 300# solicitan perito;Daños por agua
380073882;POR GOLPE ACCIDENTAL DE BANDEJA DE PLATOS SE HA DAñADO CRISTAL VITRO ZANUSI DE UNOS 2 AñOS DE ANTIGUEDAD FUNCIONAN LOS FUEGOS;Cristales, mármol y loza sanitaria
380076380;Hija del asegurado le rompio las gafas a su primo. Se le informa de la doc. que tiene que aportar.;Responsabilidad civil
380076976;LLAMA ASEGURADO INDICANDO LA VECINA DEL 3º# TIENE MANCHA DE HUMEDAD EN TECHO DE BAñO, INDICA LE CAE AGUA DE VEZ EN CUANDO. COINCIDE CON BAñO ASEGURADO. QUIERE GESTIONAR SINIESTRO DE MANERA PARTICULAR CON OPERARIO DE SU CONFIANZA. INFORMO DE;Daños por agua
380077032;EL ASEGURADO/A COMUNICA#POSIBLE ROTURA DE TUBERIA DE CALEFACCION DE LA VIVIENDA DAñOS EN PARED LAVADERO PARED DE HUECO ESCALERA COMUNITARIO Y GARAJE BORJA Y DAñOS DEL VECINO DE ABAJO EN TECHO, LIMITE PARA REPARACION DE TUBERIA 300#, SE INFO;Daños por agua
380078758;ROTURA DE TUBERÍA EMPOTRADA EN BAñO DAñOS EN TECHO LOCAL COMERCIAL;Daños por agua
380082529;Rotura de cristal de vitrocerámica por golpeDesconoce marca, modelo y antigüedad;Cristales, mármol y loza sanitaria
380088757;DESATASCO EN TUBER A DE FREGADERO  POR INSISTENCIA DE ASEGURADO REMITIMOS DE URGENCIA. LEIDO ARGUMENTARIO.;Daños por agua
380090118;ROTURA DE PLATO DE DUCHA CON DAñOS EN PARAMENTO COLINDANTE DE HABITACION.- NO TIENEN RECAMBIOS DE BALDOSAS DEL SUELO NI DE AZULEJOS. VALORAR;Cristales, mármol y loza sanitaria
380090829;"IPAS: ""Humedades en la pared de la vida. lateral, colinda con pared de barra de nuestro aseg. aunque en el local no hay fuga evidente.Se le informa de que carece de RC inmueble""";Daños por agua
380091090;DAÑOS MATERIALES por concesión de una beca como educadora que no recibió;Daños Materiales
380092247;LLAMA JOSE DE OFICINA 799, INDICA QUE POR PERDIDA DE LLAVES HA TENIDO QUE LLAMAR A UN CERRAJERO, INDICANDO QUE SE REALIZO APERTURA DE PUERTA CON ROTURA Y CAMBIO DE CERRADURA, SE INFORMA DE COBERTURA DE APERTURA DE PUERTA, ENVIARA FACTURA;Otras contingencias
380098343;ASG INFORMA QUE DEBIDO A TORMENTAS ELECTRICS SE LE HA DAñADO EL MOTOR DE LA PERSIANA ELECRFICA HAY QUE CAMBIARLO HA IDO TECNICO Y LE HA IFMRADO QUE SE HA QUEMADO POR SUBDIA DE TENSION ENVIARA FACTURA;Incendio
380098657;Persianas manuales  MANTENIMIENTO ASEG. INDICA QUE PERSINA DE DORMITORIO SE HA CAíDO.;Mantenimiento
380100339;EL EMPLEADO DE LA SUCURSAL SRA. CARMELA DE OFICINA 7779 COMUNICA QUE ASEGURADO TIENE DAñOS POR HUMEDAD EN MURO MEDIANERO CON OTRA FINCA. NO SABE CONCRETAR SI LAS FILTRACIONES SON POR LLUVIAS O POR ARRIATE DE VECINA COLINDANTE. ASEGURADO SOL;Fenómenos atmosféricos
380100529;TONI AGENTE OFICINA# 7565# LLAMA PARA INFORMAR DE DAñOS EN PUERTA METALICA POR INTENTO DE ROBO EN PRINCIPIO SOLO CERRADURA, HAN REALIZADO ELLOS LA REFORMA DE DICHA PUERTA, NO ESTá DESPROTEGIDA ATIENDE RAFAEL TORMOS , TIENEN DENUNCIA POLICIA;Robo
380100859;EL ASEGURADO/A COMUNICA# QUE POR FUERTE VIENTOS O TORNADO SE LE HA ROTO EL CRISTAL DE BALCON Y VENTANAS# SON VARIAS# CON DAñOS PROPIOS EN VENTANA/PUERTA/PUERTA DE MUEBLE DE COCINA Y/O BAñO/INSTALADOS EN PARED SE INFORMA SEGUN EL# PROCEDIMIE;Cristales, mármol y loza sanitaria
380100958;ASEG INFORMA QUE SU HIJA EN CASA DE UNOS AMIGOS EL DíA DE REYES JUGANDO CON BALON ROMPIO EL CRISTAL DE LA PUERTA BALCON APORTAN DOCUMENTACIóN PARA SU ESTUDIO;Responsabilidad civil
380102582;Rotura de lavabo de cristal;Cristales, mármol y loza sanitaria
380103358;posible rotura de tuberia empotrad en el techo del baño. Le cae agua abundante del techo. No Han tenido cerrar la llave de paso general;Daños por agua
380103408;LLAMA MAR D ELA OFICINA Y NOS INDICA QUE SE LE HA ROTO EL CRISTAL DE UNA HABITACION A LA ASEGURADA;Cristales, mármol y loza sanitaria
380103812;ASEGURADA INFORMA QUE SE HA ROTO CRISTAL DE MUEBLE DE SALON (NO FIJO). GUARDA VESTIGIO. LEIDO ARGUMENTARIO;Cristales, mármol y loza sanitaria
380108779;2640. DAÑOS EN LA CUBIERTA DE LA NAVE DEBIDO A LOS FUERTES VIENTOS.;Daños Materiales
380112235;ASEGURADO INFORMA DE POSIBLE AVERIA ELECTRICA, HA DEJADO DE FUNCIONAR CORRECTAMETNE EL HORNO. SE ABRE INDEMNIZABLE;Daños eléctricos
380115881;A causa de fuertes vientos, se ha averiado antena. Desea reparar particularmente.;Fenómenos atmosféricos
380115949;Posible rotura de tuberia empotrada que alimenta a la lavadora probocando daños en el texo del vecino inferior.La lavadora está situada en el cuerto de baño. Han tenido que cerrar llave de paso del baño;Daños por agua
380116939;Rotura de bajante general de comunidad, pérdida de agua por techo de depósito de calefacciónDaños en pared de local comercial y en Hotel colindanteOrigen ya reparado solicitan atención de daños;Daños por agua
380117879;Asegurados estan haciendo obras en el baño y han aparecido grietas en el techo del baño de la vivienda inferior. Solicitan reiteradamente envio de tecnico.;Daños por agua
380124024;se ha roto un secadero (donde se secan los embutidos);otros
380125989;EL ASEGURADO/A COMUNICA ATASCO EN WC NO HAY DAÑOS# ,LEIDO ARGUMENTARIO , EN LA VISITA ESTARA INQUILINA EVA , LLAMAR PARA CONFIRMAR VISITA#;Daños por agua
380126169;Recibimos factura de la sustitucion de una placa vitroceramica ,no especifican causa;Cristales, mármol y loza sanitaria
380127092;Inquilinos  //  Actividad. restaurante.Robo dentro del local forzando la puerta de atras del local y han roto  la puerta, cierre metalico y han roto cristales..Robo de 4 patas de jamon iberico (por ahora que se haya dado cuenta).Se;Robo
380127522;Casa ( nº 24, modificará en oficinas).Realizó apertura de puerta de forma particular. No podía acceder a la vivienda.Tiene factura.Informo argumentario y procedimiento. Enviará documentación para su estudio.;Otras contingencias
380127555;Rotura tubería alimentación de baño y cocina, no tiene nada que ver con siniestro anterior.;Daños por agua
380128017;incendio en el local, se trata de un local que lo tenían cerrado, hay denuncia y el fuego parece que lo han ocasionado ocupas.  Hay acta policial.  Comunica el siniestro Elena de la oficina 0767 932774510;Incendio
380129536;Propietario //  Actividad negocio de motos electricas.Robo dentro de un vehiculo a un empleado y le sustrayeron  las llaves del negocio Asegurado ha cambiado la cerradura.Gestionamos siniestro por sustraccion de cerradurasEnviara do;Robo
380130328;ROTURA DE TUBERÍA EMPOTRADA CUANDO SE DUCHAN CAE CHORRO DE AGUA EN TECHO DE SóTANO, TAMBIéN CALA HUMEDAD EN PARED DE HABITACIóN LINDANTE. URGE YA QUE SóLO PUEDEN UTILIZAR ESE CUARTO DE BAñO.;Daños por agua
380132159;rotura de cristal fija de puerta de terraza, no saben origen tiene muestra porque esta rajado;Cristales, mármol y loza sanitaria
380133330;Persianas manuales  MANTENIMIENTO ATASCO DE PERSIANA DE COMEDOR Y NO PUEDE SUBIRLA NI BAJARLA;Mantenimiento
380134338;LA ASEGURADA INDICA ROTURA DE CRISTAL DE MESA DE ESCRITORIO. CONSERVA VESTIGIOS. LEIDO ARGUMENTARIO SEGURCAIXA;Cristales, mármol y loza sanitaria
380134817;LA MUJER COMUNICA# QUE LE SALE AGUA POR DETRAS DEL LAVAVAJILAS CREE QUE ES DEL DESAGUE;Daños por agua
380135624;Lesiones derivadas de un tropezón con una alfombra que estaba puesta sobre un desnivel y que después ha sido reparado;Otras causas
380135996;ROTURA DE CRISTAL DE VENTANA PORIMPACTO;Cristales, mármol y loza sanitaria
380140756;ASEGURADA INFORMA QUE SE LE HA ESTROPEADO LA CORREA DE LA PERSIANA.LEO ARGUMENTARIO;Mantenimiento
380141663;LLAMA ANA HIJA DE ASEGURADA INFORMANDO QUE POR POSIBLE ROTURA DE TUBERIA EMPOTRADA EN BAñO LE ESTA ENTRANDO AGUA POR EL TECHO A VECINO DE ABAJO. ARGUMENTARIO LEIDO, LIMITE 300 IVA INCLUIDO;Daños por agua
380141671;LLAMA ASEGURAOD, INFORMA QUE SE QUEDA FUERA DE LA VIVIENDA SIN LLAVE Y SE DEJA LOS FUEGOS PUESTOS, LLAMA A UN PARTICULAR, TIENE FACTURA, RECLAMA TAMBIéN LOS DAñOS QUE SE HAN HECHO PARA PODER ABRIRLA;Robo
380144725;Fuga de agua por zona inferior de inodoro.Posible rotura de tubería empotrada de baño.;Daños por agua
380145532;LLAMA ASEGURADA DEBIDO A LA FUERTE TORMENTA SE HA DAÑADO EL CIRCUITO ELECTRICO DE LA LAVADORA MARCA FAGOR 5 AÑOS HAN LLAMADO A UN TECNICO Y LES HA COMUNICADO QUE LA REPARACION ES ANTIECONOMICA Y NO DESCARTA QUE HAYA ALGUNA OTRA AVERIA NO GA;Incendio
380146134;PRIFIERE REPARA EL LA ROTURA DE MARMOL Y PASAR FACTURA;Cristales, mármol y loza sanitaria
380146647;posible rotura de tuberia empotrada del desague del fregadero de la cocina  cae agua por dentro de pared de la cocina de la vivienda inferior.;Daños por agua
380147439;Informan de fallo en el mecanismo de la cisterna del inodoro. Pierde agua dentro del propio inodoro.Inforo de la garantia de falta de mantenimiento y sus detalles.No se lleg  a utilizar garantia en expediente anterior.;Mantenimiento
380148130;LLAMA ASEGURADA INDICANDO QUE EN EL PISO HAY HUMEDAD EN VARIAS PAREDES DE HABITACION. LEIDO ARGUMENTARIO;Daños por agua
380148676;EL ASEGURADO/A COMUNICA QUE CUANDO ABREN LA DUCHA LE CAUSAN DAñOS AL VECINO DE ABAJO  ARGUMENTARIO INFORMADO;Otras contingencias
380148825;LLAMA ASEGURADO INDICA QUE TIENE ATASCO EN FREGADERO DE COCINA  NO LE TRAGA  LIMITE 300  IVA INCLUIDO  LEIDO ARGUMENTARIO.;Daños por agua
380149401;LLAMA ASEG INDICANDO QUE HA SALIDO ARDIENDO UN ENCHUFE EN LA SALITA Y TIENE DAñOS POR HUMO Y ESTA SIN LUZ;Incendio
380155069;XAVIER ASEGURADO INFORMA DE HUMEDAD EN TECHO DE COCINA DE PLADUR ARRIBA ESTá EL LAVABO DE CUARTO DE INVITADOS QUE SE HA USADO EN NAVIDADES, INFORMO DE ARGUMENTARIO;Daños por agua
380158469;FUTBOL - LUMBALGIA POSTRAUMATICA;Otras causas
380158774;Fecha aproximada.Dirección incorrecta, la puerta es 2º4ª, remito a oficina para modificación.Daños en toldo tras fuertes vientos: hay daños en estructura y en lona. Lo han asegurado con cuerdas para que no caiga. Remiten doc par;Fenómenos atmosféricos
380161141;ROTURA DE TUBERÍA EMPOTRADA EN BAñO SUPERIOR SE HA CAIDO EL TECHO DE PORCHE. LLAMA ASGDA PARA DAR PARTE.;Daños por agua
380161968;LLAMA CARMEN DE LA 5023 PARA DAR PARTE DE ROTURA DE TAPA DE INODORO, EL ASG NO SE ENCUENTRA EN LA OFICINA, VERIFICAR SI ES LA TAPA ORIGINAL;Otras contingencias
380162529;ATRANCO O EMBOZO SE VUELVE A REPRODUCIR EL PRIMER DESATASCO Y VUELVEN A DESATASCAR CON MáQUINA;Daños por agua
380163741;EL ASEGURADO/A COMUNICA QUE TIENE ROTA LA PERSIANA DE LA VENTANA DEL COMEDOR, NO SUBE. INFORMO COBERTURA EXCEPCIONAL Y ARGUMENTARIO.;Mantenimiento
380163816;LLAMA DON RICARDO ESPOSO INDICA POR LA NIEVE SE HA ROTO Y HUNDIDO LA CUBIERTA DE LA PISCINA, LEIDO ARGUMENTARIO, ATIENDE DON NACHO O JULIAN;Fenómenos atmosféricos
380165779;Asegurado informa de atasco en fregadera sin daños. Repara de forma particular;Daños por agua
380170159;rotura del mecanismo de la cisterna del inodoro  no empotrado tanque simple.informo mantenimiento;Cristales, mármol y loza sanitaria
380171751;EL ASEGURADO/A COMUNICA POR LLAVES DENTRO DE DOMICLIO APERTURA DE PUERTA CONSTEADA POR ASEEGURADO SE IFNORMA DE DOCUMENTACION Y DIRECCION MAIL CON DAñOS PROPIOS EN APERTURA DE PUERTA;Otras contingencias
380171769;EL HIJO/A ROSER  COMUNICA QUE ESTABA EB LA CALLE Y LE QUITARON DE UN TIRON EL BOLSO CON EL MOVIL IPHONE 7 PLUS  GAFAS DE SOL RAYBAN  RELOJ TAIWACH  PRESENTA DENUNCIA  Y PARTE DE LESIONES. ENVIARA DOC.;Robo
380173351;ROTURA DE TUBERIA EMPOTRADA EN PARED DE COCINA;Daños por agua
380175679;MUERTE DE UN TENERO DE EDAD INFERIOR A TRES MESES DERIVADO DE ATAQUE DE LOBO. ;Daños Materiales
380175687;2639. Per acte vandàlic, han fet malbé les portes de vidre de l#entrada al Centre, amb líquid corrosiu. Auditori Barradas    Rambla just oliveras 56     HOSPITALET DE LLOBREGAT;Daños Materiales
380177006;LLAMA ADRIAN MARIDO DE ASEGURADA PARA INFORMAR QUE TIENE UNA PERSIANA DE PLANTA DE ABAJO NO FUNCIONA ES ELECTRICA E INFORMA QUE EL PROBLEMA EL ORIGEN ES ELECTRICO,SE INFORMA A ASEGURADO ARGUMENTARIO DE SEGURCAIXA;Daños eléctricos
380179986;Humedades en pared de pasillo de vvda colindante (bajo 2º), la cual coincide con cuarto de baño de vvda asegurada. Sin más daños. Desconoce origen. telf de perjudicada:;Daños por agua
380179986;Humedades en pared de pasillo de vvda colindante (bajo 2º), la cual coincide con cuarto de baño de vvda asegurada. Sin más daños. Desconoce origen. ;Daños por agua
380181537;LA MADRE# DOñA JUANA COMUNICA# QUE TIENE ATASCO EN FREGADERO# CON DAñOS PROPIOS EN MUEBLES COCINA/BAñO ATENDERA LA INQUILINA SONIA 622626523 - SE INFORMA AL ASEGURADO SEGúN ARGUMENTARIO DE SEGURCAIXA;Daños por agua
380182386;Vanesa, agencaixa, declara que pintando una fachada de su cliente, debido al viento se salpicaron coches aparcados. ;SALPICADURAS MATERIAL DE OBRA O DE MATERIAL DE TRA
380183913;ROTURA DE CRISTAL DE UNA HOJA DE UNA PUERTA EL PARTE O PASA MANUEL DE LA OFICINA 786 PERO PASA A ASEG.;Cristales, mármol y loza sanitaria
380184325;DAÑOS EN TEJADO POR LAS FUERTES LLUVIAS CON DAñOS DE HUMEDAD EN EL TECHO DE LA VVDA UNIFAMILIAR CONFIRMAR ESTADO DE MTO Y UMBRALES;Fenómenos atmosféricos
380184564;ROTURA DE TUBERÍA EMPOTRADA DE LAVADERO CON DAñOS EN DOS PAREDES, LLAMA ASGDA PARA DAR EL PARTE.;Daños por agua
380186387;ASEGURADA DA SINIESTRO POR FUGA DE AGUA EN DESAGUE DE LAVABO. NO HAY DAÑOS.;Daños por agua
380188243;LLAMA AMPARO HIJA DE ASEGURADO INFORMANDO QUE DEBIDO A LOS FUERTES VIENTOS SE HA DAñADO EL TOLDO.;Fenómenos atmosféricos
380188631;LLAMA ASEGURADO IDNICA QUQE CONTADOR LE CORRE MAS DE LO NORMAL Y NO TIENE DAñOS. INFORMO DE PRESOLICITUD DE PERITO;Daños por agua
380189407;Perdida de agua de llave general de vivienda. Sin daños. Servicio de mantenimiento. Informo coberturas y script.Reparación o sustitución de grifos y llaves de paso.Límites: El material se cubre con un límite de 90# (IVA incluido)E;Mantenimiento
380195354;ROTURA DE TUBERÍA EMPOTRADA DE BAñO, OCASIONANDO DAñOS EN PARQUET DE PASILLO, INDICA QUE SALE AGUA POR EL SUELO.;Daños por agua
380195560;REPARAR O SUSTITUIR PUERTA DE ACCESO DñADA POR ROBO ES DE MADERA Y PINTADA. NO HAY AFCTACION DE CERRADURA SOLO MADERA;Robo
380195958;EMPLEADO DE LA# SUCURSAL 7909 ELENA # COMUNICA EXPOLIACION DE MOVIL EN SUIZA;Robo
380196394;LLAMA ASEGURADO INDICA POSIBLE ROTURA DE TUBERIA EMPOTRADA SIN DAñOS PROPIOS, PERO CON DAñOS EN VECINO INFERIOR TECHO DEL BAñO.SE INFORMA AL ASEGURADO SEGúN ARGUMENTARIO DE SEGURCAIXA#;Daños por agua
380199042;INFORMA ISABEL HIJA DE ASEGURADA QUE AYER POR LA NOCHE SE LE HA CAIDO PERSIANA DEL COMEDOR INFORMAMOS SOBRE CONDICIONES.;Mantenimiento
380199257;LA MUJER COMUNICA ROTURA DE CRISTAL DE VENTANA DE SALON POR IMPACTO TIENE VESTIGIOS;Cristales, mármol y loza sanitaria
380200881;47132 CP  y Poblacion Villamarciel. Se le informa a oficina que modifique los datos.Asegurado realizando unas obras el mismo en la vivienda tenia en la puerta de la vivienda sacos de arena y arena y un vehiculo al dar la vuelta le ha ca;Responsabilidad civil
380203695;L.O RUPTURA DE LA PERSIANA;Mantenimiento
380206276;ASEGURADA INDICA QUE TIENE GOTERA EN TECHO DE BAÑO QUE PROVIENE DE TERRAZA POR FUERTES LLUVIAS;Fenómenos atmosféricos
380206763;DAN PARTE DE ROTURA DE CRISTAL QUE HAN CAMBIADO PARTICULARMENTE;Cristales, mármol y loza sanitaria
380206896;La puerta del baño no cierra bien. Comento falta de mantenimiento y límite de material 10 euros.;Mantenimiento
380207126;DESDE IPAS, PASAN LA LLAMADA DE FELIPE, MARIDO DE ASEGURADA, PORQUE EL CIERRE DE UNA VENTNA DE ALUMINIO, NO FUNCIONA.;Mantenimiento
380207977;LLAMA ASEGURADO, INFORMA DE DAñOS EN PARQUET POR ESCAPE PUNTUAL DE LAVAVAJILLAS YA REPARADO;Daños por agua
380208710;LLAMA ESPOSO JOSE, AYE HAN VISTO QUE EL PLATO DE DUCHA DE LOZA. LEIDO ARGUMENTARIO;Cristales, mármol y loza sanitaria
380212274;DESDE REPARALIA  PASAN LLAMADA DE SUSANA MUJER DE ASEGURADO  PORQUE SE LES HA ATASCADO EL FREGADERO.;Daños por agua
380212357;SE HA ROTO LA ANTENA PARABOLICA POR FUERTES VIENTOS.VERIFICAR ORIGEN;Fenómenos atmosféricos
380212571;ROTURA DE TUBER A EMPOTRADA FUGA DE AGUA AFECTA CON HUEMDAD AL HALL COLINDANTE AL BAñO Y DICE HACE 3 DIAS QUE LA CALDERA PIERDE PRESION Y TIENEN QUE HECHAR AGUA. VALOREN;Daños por agua
380213660;ASGE INFORMA DE ATASCO EN DESAGE DEL PATIO;Daños por agua
380215814;Rotura cristal de ventana.;Cristales, mármol y loza sanitaria
380218156;EL PROPIETARIO COMUNICA HUMEDAD EN FALSO TECHO DE LOCAL. CREE QUE ES COMUNITARIO;Daños por agua
380218230;LLAMA ASGEURADO INDICANDO QUE ESTA CAUSANDO DAÑOS AL VECINO DE ABAJO  INDICA QUE EL VE HUMEDADES EN LA ZONA DE HABITACION. LEIDO ARGUMENTARIO.;Daños por agua
380219675;EL ASEGURADO/A COMUNICA DAñOS EN TECHO DE BAñO DE VECINO INFERIOR  DESCONOCE EL MOTIVO  SOLICITA VERIFICAR ORIGEN. SE INFORMA SEG N ARGUMENTARIO DE SEGURCAIXA ADESLAS.;Daños por agua
380220137;LLAMA ASEGURADO E INFORMA QUE TIENE ATASCO EN COCINA DE VIVIENDA  PROFESIONAL SE ENCIENTRA ALLI.-;Daños por agua
380221432;LLAMA ASEGURADO. E INFORMA QUE SE HA CAIDO UN BOTE ENCIMA DE LA VITROCERAMICA Y HA ROTO EL CRISTAL .;Cristales, mármol y loza sanitaria
380221499;EL HIJO/A MIRIAM COMUNICA QUE LE ESTA CAYENDO AGUA DEL TECHO. ARGUMENTARIO INFORMADO;Daños por agua
380221804;"IPAS: ""Posible rotura de tubería empotrada de la comunidad causando humedades y goteras de agua en piso inferior (comercio, tienda de chinos). No han tenido que cerrar llave de paso.)No tiene franquicia""";Daños por agua
380222869;LA MUJER ALICIA COMUNICA POSBILE ROTURA DE DESAGUE EN DUCHA CON DAñOS DEL VECINO DE ABAJO EN TECHO DE BAñO. NO TIENE MáS DATOS DE VECINO. INFORMO ARGUMENTARIO SOLICITA REPARABLE.;Daños por agua
380224824;Informa de reparación de tubería general de la finca. Solicita indemnización de la parte proporcional que pagó a la ccpp.;Daños por agua
380224980;rotura cristal ventana corredera habitación , por impacto al cerrar, guarda restos .;Cristales, mármol y loza sanitaria
380227496;Asegurado indica que tiene una pared abierta, dañada con la escayola caída , indica que puede ser por movimientos del terreno del edifico, informo de la no cobertura pero insiste que enviemos a un operario para verificar si pasan o no tuber;Daños por agua
380228791;ASEGURADO INDICA TIENE ROTO LAVABO Y ESPEJO DEL LAVABO;Cristales, mármol y loza sanitaria
380232801;ES OTRO STRO DIFERENTE, CRISTAL DE UNA ESPECIE DE PARRILLA. CONFIRMEN;Cristales, mármol y loza sanitaria
380233882;LLAMA ELISABETH DE OFICINA 1145 INDICA ROTURA DE PERSIANA DE COMEDOR. LEIDO ARGUMENTARIO.;Mantenimiento
380234666;ASEGURADO INDICA QUE TIENE HUMEDADES EN PARED DE HABITACION Y SALON, DESCONOCE SI PASAN TUBERIAS, SOLICITA ENVIO DE PROFESIONAL PARA LOCALIZAR AVERIA;Daños por agua
380235432;AMPARO ESPOSA DE ASEGURADO INDICA QUE# POR CAIDA ACCIDENTAL DE UNA ESCALERA PORTATIL SE LE HA CAIDO SOBRE LA PUERTA DE MADERA DE HABITACION Y LE HA HECHO DOS PEQUEñOS AGUJEROS SE LE INFORMA DE ARGUMENTARIO DE SEGURCAIXA;Otras contingencias
380235663;EL ASEGURADO/A COMUNICA# ROBO EN LA VIVIENDA, LE HA AVISSADO LA POLICIA , HAN ROBADO EN VIVIENDA COLINDANTES TAMBIéN , HAN ROTO CRISTAL DE CIERRE DE ENTRADA DE ALUMINIO Y PERSIANA;Robo
380235937;se ha roto pieza de una maquina, confirmo con la oficina que da parte que no tiene la garantia opcional de averia de maquinaria contratada;Daños eléctricos
380237529;PROFESIONAL INDICA EL ATASCO SE REPRODUCE, SE CONFIRMA CON PROFESIONAL PR11941 QUE ESTA EN LA VIVIENDA QUE ES NECESARIO CAMION CUBA;Daños por agua
380237636;ROTURA DE TUBERÍA EMPOTRADA EN COCINA CALANDO AL PISO INF, PARTE DADO POR MUJER DE ASG QUE SóLO HABLA FRANCéS;Daños por agua
380237719;LLAMA ASEG INFORMANDO QUE LA CALDERA LE PIERDE AGUA Y HSTA AHORA PENSABA QUE ERA DE AHI LA AVERIA, TIENE LA PARED CON HUMEDAD PIENSA QUE ES LA CALEFACCION. NO SABE SI HAY DAñOS A PERJUDICADOS, CONFIRMEN VISITAR A PARTIR DE LAS 15.00;Daños por agua
380243006;EL ASEGURADO/A COMUNICA QUE A LO LARGO DE LA SEMANA PASADA DEIBO DE HABER SUBIDAS DE TENSION Y SE LE HA ESTROPEADO LA CAMPANA INSISTE QUE VAYA UN TECNICO;Daños eléctricos
380243139;LLAMA ASEGURADO E INDICA QUE A CAUSA DEL VIENTO HA SUFRIDO DAñOS EN LA VERJA DEL JARDIN Y EN EL MOBILIARIO DEL JARDIN;Fenómenos atmosféricos
380243253;ASEGURADO INFORMA DE ROTURA DE LATIGILLO DE GRIFO DE COCINA , VIVIENDA ASEGURADA SIN DAÑOS PERJUDICADO TECHO DE COCINA;Daños por agua
380244863;Averia en mecanismo de la cisterna. Ha tenido que cerrar llave de paso del baño.Cisterna de tanque simple Unico baño. Indico garantia de falta de mantenimiento.Asegurada conforme. Indico coberturas de eta garantia.;Mantenimiento
380249086;Informan de que se ha caido una maceta en la luna delantera de un vehiculo estacionado enfrente de la vivienda asegurada.la maceta ha roto todo el cristal delantero.Facilito   y documentaci n necesaria para su envio.;Responsabilidad civil
380250332;LLAMA NATIVIDAD  ESPOSA DE ASEGURADO  INDICANDO MANCHA DE HUMEDAD COLINDANTE CON BAñO  EN SALON. LEIDO ARGUMENTARIO;Daños por agua
380250696;LLAMA MARIDO DE ASEGURADA INFORMA QUE TIENE UNA POSIBLE FUGA DE AGUA DE RADIADOR CON DAñOS DE PINTURA Y PARQUET  LOCALIZAR AVERIA LIMITE 300;Daños por agua
380250753;LA MUJER COMUNICA TIENE POSIBLE ROTURA DE TUBERIA EMPOTRADA EN BAñO  Y DAñOS DEL VECINO DE ABAJO EN TECHO DE BAñO SEG N ARGUMENTARIO SEGURCAIXA DESEA REPARADOR Y ATIENDE ESPOSA DE ASEGURADO..SE ENVIA PROFESIONAL A VERIFICAR.;Daños por agua
380252742;Vecina inferior con fuga de agua en techo del baño, coincidiendo con baño asegurado. Desconocen origen. (Edificio Patio Blanco, afectada piso 1º-1ª).;Daños por agua
380254078;2646. Goteres al bany;Daños Materiales
380254771;LLAMA ASEG PARA INFORMAR QUE EN LA ZONA DEL TERMO TIENE UNA FUGA NO SABE SI ES EL TERMO O TUBERIA CONFIRMEN TIENE DAÑOS EN LA PARED DEL PASILLO Y DORMITORIO.;Daños por agua
380256008;años por agua. Al parecer el origen se encuentra en un desagüe de la comunidad,;Daños por agua
380258004;LLAMA ASEGURADO POR PARALIZACION DE LA ACTIVIDAD POR ATASCO EN COMUNIDAD AUN TIENE NEGOCIO CERRADO;Daños por agua
380261792;LESIONES AL TROPEZAR CON UNA ALCANTARILLA;Otras causas
380263509;EVA EMPLEADA INFORMA DE AGUJERO EN TECHO DE PLACA# DE SALA DE REUNIONES, INDICA QUE HAY ALGUAN FUGA DE TUBERIA PRIVATIVA PERO NO CAE AGUA;Daños por agua
380265900;ROTURA DE CRISTAL DE MUEBLE DE COCINA DONDE ESTá EL EXTRACTOR. VALORAR;Cristales, mármol y loza sanitaria
380268946;Bar. Propietario.Rotura de cristal de puerta principal de negocio por impacto. Se ha rajado. Conserva vestigios. Negocio no desprotegido.;Cristales, mármol y loza sanitaria
380269878;130/01 fecha del sinistro. Hija de asegurado rompió el cristal  de una puerta de entrada de un local ocio para niños.  Informo que envie la documentación.;Responsabilidad civil
380271619;posible rotura de tuberia que alimenta el radiador de la habitacion con daños en rodapies y pared  humedades.;Mantenimiento
380272534;LLAMA JOSE HIJO DE ASEGURADA INFORMA DE ROTURA DE DOS PERSIANAS EN SALON Y HABITACION POR USO  SE INFORMA DE COBERTUA EXCEPCIONAL DE MANTENIMIENTO DE UNA PERSIANA  SOLICITA QUE SE ATIENDA LA DEL SALON. LEIDO ARGUMENTARIO.;Mantenimiento
380272559;EL PROPIETARIO COMUNICA QUE LE ESTA CAYENDO AGUA POR EL TECHO DE LA COCINA NO SABE SI TIENE TUBERIAS AEREAS  LE ESTA CAYENDO MUCHA AGUA SOLICITA ENVIO DE OPERARIO YA QUE NO HA PODIDO HABLAR CON EL VECINO DE ARRIBA  NO SABE SI PUEDE SERN AVE;Daños por agua
380275669;Por fuertes vientos la tela del toldo se ha rasgado. Envío reparador para valorar verifiquen el estado de mantenimiento de la vivienda, realicen fotografías e  informen. Informo que se verificarán intensidades del viento.;Fenómenos atmosféricos
380275784;Por fuerte lluvia le provoca filtración por techo de vivienda cayendo agua por luces de ascensor de vivienda unifamiliar.;Fenómenos atmosféricos
380276931;ROTURA DE TUBERÍA EMPOTRADA QUE CAUSA ESCAPE DE AGUA EN GARAJE COMUNITARIO SIN DAñOS VISIBLES EN CASA DE ASEGURADA;Daños por agua
380279380;LA MADRE DOñA MARIA COMUNICA#TIENE ROTO EL CRISTAL DE PUERTA DE SALIDA A LA TERRAZA GUARDA VESTIGIOS,SE LE INFORMA DE ARGUMENTARIO DE SEGURCAIXA#;Cristales, mármol y loza sanitaria
380280891;LLAMA DAVID 2994 ROTURA DE ESPEJO POR CAIDA DE BOTE DE COLONIA .LEIDO TEXTO SEGURCAIXA;Cristales, mármol y loza sanitaria
380281451;REME, ASESORA, INFORMA QUE AVISARON LOS VECINOS DE PLAZAS INFERIORES QUE ESTA CAYENDO AGUA, DE LOCAL, POSIBLE ZONA DE LAVABO DE SEñORAS;Daños por agua
380282897;DEBIDO A ATAQUE DE LOBO HA RESULTADO MUERTO UN TERNERO DE ENTRE 3 Y 10 MESES.  ;Daños Materiales
380283234;Sustracción de bolso dentro de coche cuando estaciona., llaves de casa Solicita .;Hurto
380284976;Desbordamiento en termo, que provoca humedad en techo de la habitación. Origen reparado. Valorar daños;Daños por agua
380287284;ANTONIO, HERMANO DE ASEGURADA COMUNICA FUGADE AGUA CON# DAñOS DEL VECINO DE ABAJO EN TECHO DE CUARTO DE BAñO. ARGUMENTARIO LEíDO Y CONFORME;Daños por agua
380287714;PABLO OFICINA 2270 INDICA QUE LA MOCHILA DEL INODORO LES GOTEA AGUA, CREEN QUE SE LES HA QUITADO EL SELLADO DE LA MOCHILA AL INODORO. LEIDO ARGUMENTARIO;Mantenimiento
380287920;LLAMA ISABEL POSIBLE AVERIA EN TUBERIA EMPOTRADA CON DAñOS DEL GARAJE DE LA VIVIENDA ASEGURADA.;Daños por agua
380289470;LLAMA CARMEN,RESPONSABLE POR AVERIA EN PERSIANA.LEO ARGUMENTARIOS;Mantenimiento
380289751;ASEGURADA DICE QUE SALE AAGUA POR DEBAJO DE FREGADERO Y ESTA MOJANDO MUEBLE LEIDO ARGUMENTARIO;Daños por agua
380291740;Humedad en pared de dormitorio de vivienda asegurada, también hay daños en zócalo. Colinda con baño de la misma vivienda. Posible rotura de tubería empotrada.;Daños por agua
380292003;ROTURA DE CRISTAL DE MESA;Cristales, mármol y loza sanitaria
380293134;Posible rotura de tuberia empotrada en el baño de la segunda planta de la vivienda asegurada con daños propios  mancha de humedad en el techo del salon de la primera planta .;Daños por agua
380293837;DAñOS PROPIOS EN LLAMA ASEGURADO INDICA QUE TIENE UNA COBERTURA VEGETAL ANCLADA A LA VERJA EN AL TERRAZA PARA SEPARAR DEL VECINO TAPANDO LA VERJA QUE SE HA VOLADO;Fenómenos atmosféricos
380298430;LLAMA ASEGURADA E INDICA DESPERFECTOS EN LAS DOS CERRADURAS DE LA PUERTA PRINCIPAL POR INTENTO DE ROBO. LO VA A REPARAR ELLA PARTICULARMENTE CON UN AMIGO (NO LE VA A COBRAR LA MANO DE OBRA) MANDARA LA FRA. DEL MATERIAL DENUNCIA Y FOTOS;Robo
380299834;PEDRO, ADMINISTRADOR FINCA, LLAMA EN NOMBRE DE ASEGURADO INDICANDO DAñOS EN PARED Y PARQUET POR PERDIDA DE AGUA DE CALENTADOR (YA REPARADO). LEIDO ARGUMENTARIO;Daños por agua
380301523;TITULAR INFORMA QUE DESCONOCE COMO OCURRIó PERO AYER A SU MARIDO LE QUITARON UNA MOCHILA CON PORTATIL EN INTERIOR, HAN INTERPUESTO DENUNCIA Y DESEA QUE SE REVISEN COBERTURAS;Hurto
380301929;LLAMA ASEGURADO/A INDICA POR VIENTO, ROTURA DE CRISTAL DE VENTANA DEL BAñO. SE INFORMA AL ASEGURADO SEGúN ARGUMENTARIO DE SEGURCAIXA;Cristales, mármol y loza sanitaria
380302992;Rotura de cristal de mampara de ducha, la asegurada se estaba duchando y le cayó encima, no sabe motivo. Hizo fotos y tiró los cristales.La rotura de dicho cristal hizo que se rompiera también un cristal que tienen en el suelo decorativ;Otras contingencias
380303453;Vecino inferior tiene humedad en techo del baño coincidente con la cocina del asegurado.No tiene datos del perjudicado en este momento.;Daños por agua
380304436;escape de agua. La comunidad fue la causantes. Ha reparado la avería pero no atienden los daños del local. Solicita nuestra interveción. Nos indica que el local está alquilado;Daños por agua
380304816;n/ref BC3142341 se recibe peritaje de arag Humedades en techo de baño por filtración procedente de instalaciones de fontanería del 6ºBº (vertical) del mismo edificio, Reparación del origen no resuelto y posibles daños continuados.;Daños por agua
380306258;LLAMA ASEGURADO DON CATALIN INDICA SE HA IDO VARIAS VECES LA LUZ, SE ESTROPEADO TELEVISION, NO SE VE BIEN,;Daños eléctricos
380307421;ASEGURADA INDICA AVERIA EN MECANISMO DE CISTERNA;Mantenimiento
380309856;Rotura de cuerda de la persiana de dormitorio. Ofrezco servicio de mantenimiento anual e informo de condiciones.  Acepta.Queda cubierta la pequeña reparación y atasco de persiana. Así como la sustitución de lama y cuerda no metálicas.;Mantenimiento
380311332;Rotura de ventana con camara, (se ha roto solamente una de las dos partes) del garaje por posible impacto.;Cristales, mármol y loza sanitaria
380311449;Dirección correcta: Francisco Segovia, nº 14, piso 3º C. Se remite a la sucursal bancaria.Posible rotura de tubería empotrada, indica que existe un goteo intermitente de agua que está dañando el techo del cuarto de baño del piso inferior.;Daños por agua
380311944;Debido a fuertes vientos. Se ha dado cuenta hoy que se han desencajado las ventanas de aluminio y no puede abrirlas.;Fenómenos atmosféricos
380312553;DAñOS EN PUERTA POR INTENTO DE ROBO  HAY Q INTENTAR DEJAR LA VVDA ASEGURADA;Robo
380315820;HIJA DE ASEGURADA,PILAR,INFORMA DE ROTURA DE CRISTAL DE PUERTA DE GALERIA//LEIDO ARGUMENTARIO//LLLAMAR PARA LA CITA AL ;Cristales, mármol y loza sanitaria
380315820;HIJA DE ASEGURADA,PILAR,INFORMA DE ROTURA DE CRISTAL DE PUERTA DE GALERIA//LEIDO ARGUMENTARIO//;Cristales, mármol y loza sanitaria
380315820;HIJA DE ASEGURADA,PILAR,INFORMA DE ROTURA DE CRISTAL DE PUERTA DE GALERIA//LEIDO ARGUMENTARIO/;Cristales, mármol y loza sanitaria
380320317;ComercioPropietarioRotura lavabo, por impacto.Roca, color blanco.;Cristales, mármol y loza sanitaria
380321513;LLAMA ASEGURADO INDICANDO DAñOS POR AGUA EN PARED DE SALON , PARECE AVERIA DEL OTRO SERVICIO ,LEIDO ARGUMENTARIO ,LMITE PARA LA REPARACIN DE TUBERAS EMPOTRADAS 300 IVA INCLUIDO;Daños por agua
380322040;LLAMA ESPOSA ASEGURADO INDICANDO ROTURA EN TUBERIA DEL DESAGUE DEL FREGADERO,LEIDO ARGUMENTARIO;Daños por agua
380322578;PisoHumedades en pared de la escalera comunitaria, a la altura del tercer piso (lo gestiona Miriam, telf. ). En esa zona asegurado tiene una lavadora.Se desconoce origen.;Daños por agua
380322578;PisoHumedades en pared de la escalera comunitaria, a la altura del tercer piso. En esa zona asegurado tiene una lavadora.Se desconoce origen.;Daños por agua
380322826;EL ASEGURADO/A COMUNICA QUE POR IMPACTO DE CAMION QUE LLEVABA A SU VIVIENDA UNAS MERCANCIAS, SE HA IMPACTADO CON PUERTA DE GARAJE METALICA. HA IMPACTADO EN UNA GUIA LATERAL Y NO ES POSIBLE CERRAR LA PUERTA. VIVIENDA DESPROTEGIDA. LEIDO ARGU;Actos vandálicos y otros
380323097;ASEGURADO INDICA ROTURA DE VITRINA DE CRISTAL Y PUERTA DE LAVABO POR IMPACTO (UN CLIENTE DEL NEGOCIO);Cristales, mármol y loza sanitaria
380323170;Anoche encienden chimenea y al rato escuchan golpe de cuadro que está sobre chimenea que se cayó y al verlo estaba ardiendo, ocasionando daños en la pared de un pasillo.;Incendio
380325381;DAñOS EN ZOCALO DE COCINA Y EN TAPADERA DE MADERA DE LAVADORA POR AVERIA DEL TERMO QUE NO ESTABA CUBIERTA PERO AHORA TIENE DAñOS DE 06A;Daños por agua
380325936;CONTACTA MARICARMEN DE LA DELEGACION DE VALENCIA PARA INDICAR QUE HAY HUMEDAD EN LA PARED DEL LOCAL PERO DESCONOCE EL MOTIVO. ME INDICA QUE LA AVERIA NO TIENE NADA QUE VER CON POSIBLE INCIDENCIA DE VECINO SUPERIOR QUE ES LO QUE LE INDICARON;Daños por agua
380327494;LLAMA ASEGURADA INDICA QUE TIENE UNA FUGA DE AGUA EN LA COCINA, TIENE LA LLAVE DE PASO CERRADA, LEIDO ARGUMENTARIO.;Daños por agua
380330126;Informan de rotura del cristal de la mampara de la ducha.Conserva vestigios.;Cristales, mármol y loza sanitaria
380332080;ROTURA DE TUBER A EMPOTRADA EN DESAGUE DEL BAñO DEL ASEGURADO. DAñOS EN EL TECHO DEL LAVABO DE LA VVDA INFERIOR QUE PERTENECE AL PROPIO ASEGURADO.;Daños por agua
380336065;ASEGURADO INDCIA QUE POR AVERIA DE TUBERIA DE CALEFACCION PARQUET DE DORMITORIO LEVANTADO  LEIDO ARGUMETNARIO DE IVA  ATIENDE ASEGURADO  LIMITE DE 300;Daños por agua
380336255;ASEGURADA INDICA QUE LA SEMANA PASADA TRAS VARIOS CORTES DE LUZ GENERALIZADOS SE HA ESTROPEADO EL TIMBRE Y LA TELEVISION TAMBIEN FALLA . LEIDO ARGUMENTARIO   SOLO TV;Daños eléctricos
380337188;EL ASEGURADO/A COMUNICA ROTURA DE DESAGUE DE FREGADERO DE MOMENTO HA CORTADO EL AGUA POR LO Q PUEDE ESPERAR A SER ATENDIDO MAñANA  AUNQUE EST  SIN AGUA DICE QUE NO LE IMPORTA ESPERAR ..LEIDO ARGUMENTARIO;Daños por agua
380343202;PINTAR EN GOTA TECHO DE LOCAL INFERIOR DAñADO POR ESCAPE DE RADIADOR;Daños por agua
380345223;ASEG. INFORMA DE AVERIA DE TUBERIA QUE VA A TERMO, LOCALIZAR;Daños por agua
380346072;ATRAPAMIENTO EBN ASCENSOR DE PASAJERA. SALE SIN REQUERIR ASISTENCIA.;Otras causas
380348938;SE RECIBE LLAMADA DE ASEGURADA INDICANDO QUE EL MECANISMO DE LA CISTERNA ESTA AVERIADO, SIN DAñOS, LEIDOS ARGUMENTARIOS;Mantenimiento
380350603;Fuga de agua procedente de radiador. Sin más daños. Informo no cobertura. Ofrezco servicio mantenimiento, que acepta.Leo script de iva y mantenimiento.;Mantenimiento
380351569;LLAMA DñA. ROSA HIJA DE ASEGURADA SOLICITA ENVIO DE ELECTRICISTA, AVERIA YA REPARADA POR VIVIENDA SUPERIOR, TIENE LOS DATOS DE CASUANTE, COMPAñIA CONTRARIA HA SOLICITADO QUE Dé PARTE A SU COMPAñIA Y LES RECLAME, SOLICITA ELECTRICISTA PARA R;Daños por agua
380352054;Posible rotura de tubería vista en zona de fregadera de cocina, no causa daños.;Daños por agua
380355487;pastelerialocal alquiler.rotura de mesa de marmol por impacto accidental. mantiene vestigios.;Cristales, mármol y loza sanitaria
380358267;ASEG. PIDE SERVICIO DE MANTENIMIENTO, PIERDE LA LLAVE DE LA COCINA;Mantenimiento
380358838;posible rotura de tuberia en zona de inodoro, que provoca salida de agua y en consecuencia humedad en parquet de la casa.;Daños por agua
380360412;LLAMA DOñA ELISABETH, SOCIA, POR ROTURA DE LATIGUILLO DE GRIFERIA DE BARRA CON DAñOS EN PARQUET (CAUSA REPARADA POR ASEGURADOS NO RECLAMAN INDEMNIZACION) #;Daños por agua
380360461;Fuga de agua ubicada debajo de mobiliario de cocina, sin más daños. Desconoce origen.;Daños por agua
380365478;ASEGURADA INFORMA DE ROTURA DE CRISTAL DE PUERTA INTERIOR DEL LOCAL POR IMPACTO ACCIDENTAL.;Cristales, mármol y loza sanitaria
380365759;LLAMA ESPOSA DE ASEGURADO EDURNE INFORMA DE AVERIA EN LA CISTERNA EN EL CUARTO DE BAñO LEIDO ARGUMENTARIO;Mantenimiento
380365890;LLAMA HIJA DE ASEGURADO EL CONTADOR CORRE MAS RAPIDO DE LO NORMAL  HAN CERRADO LLAVE DE PASO DE LA VIVIENDA Y CREEN QUE HAY UNA AVERIA DESPUES DEL CONTADOR Y ANTES DE ENTRAR EN LA VIVIENDA;Daños por agua
380366518;"IPAS: ""Atasco en desagüe CCPP, con daños en los pisos 1º1ª y 1º2ª ( facilita datos que anoto en pestaña perjudicados).Desconoce los daños existentes en perjudicados""";Daños por agua
380366575;"IPAS: ""Empleado de negocio tiene un accidente fuera del trabajo y les reclama unas cantidades a efecto de una incapacidad temporal debido al accidente. Asegurada indica que no quieren asumir esa responsabilidad.""";OTRAS CAUSAS R.C. PATRONAL COM.
380368431;Por viento rotura de lona de toldo;Fenómenos atmosféricos
380369215;DEBIDO A ATAQUE DE JABALI HAN RESTADO DAÑADOS CAMPOS DE TRIGO.;Daños Materiales
380369660;sobretension daña el trasformador, daños 1835 euros mas iva;Daños eléctricos
380371823;LA MUJER ISABEL# COMUNICA POR GOLPE ACCIDENTAL# CON DAñOS PROPIOS EN CRISTALES DE MOBILIARIO (MESAS,# DE SALON. SE INFORMA AL ASEGURADO DE QUE ES NECESARIO CONSERVAR EL ELEMENTO DAñADO.-- SE INFORMA AL ASEGURADO SEGúN ARGUMENTARIO DE SEGURC;Cristales, mármol y loza sanitaria
380375303;CEIP Josefina Aldecoa. Lesion de tobillo jugando en el patio.;Otras causas
380375386;Radiador con fuga en pugador . Desconoce por donde fuga, daños en el parquet. Informo de mantenimiento. Conforme.;Daños por agua
380376681;2648. Entre el 5 y el 10 de diciembre, les han sustraído diverso material de los talleres // ;Daños Materiales
380376681;2648. Entre el 5 y el 10 de diciembre, les han sustraído diverso material de los talleres //;Daños Materiales
380378463;EL MARIDO# DANIEL## COMUNICA ROBO A SU HIJO CON# VIOLENCIA , SE HAN LLEVADO# LAS LLAVES SE INFORMA DE ARGUMENTARIO DE SEGURCAIXA //ASEGURADO ESTARá EN# LA VISITA CON EL PROFESIONAL;Robo
380378729;EL ASEGURADO/A COMUNICA# QUE# LA PERSIANA TIENE ROTURA DE CUERDA. LEIDO ARGUMENTARIO;Mantenimiento
380381053;LLAMA AGENTE CAIXA, OF , LAIA, INDICA POR FUERTES LLUVIAS, SE ROMPE ANTENA, YA REPARADA, FACTURA 187,55# ****CLIENTE SOLICITA SE INDEMNICE, INFORMO DOCUMENTACION Y MAIL, ENVIARA DOCUMENTACION PARA VALORACION CIA**FECHA APROXIMADA;Incendio
380381327;EL EMPLEADO/A DEL NEGOCIO DOñA MARIA VANESA COMUNICA QUE LE SALE AGUA POR COLUMNA DEL LOCAL, HA IDO SEGURO COMUNITARIO E INDICAN QUE LA AVERIA ES DEL COMERCIO, HA CORTADO LLAVE DE# PASO, LOCALIZAR AVERIA EXACTA.;Daños por agua
380381574;LLAMA ASEGURADO INFORMA DE DAñOS EN PERSIANA DE COMEDOR POR FIUERTES VIENTOS, LEIDO ARGUMENTARIO;Fenómenos atmosféricos
380381715;Por impacto accidental se rompe lavamanos de loza, azul celeste a conjunto con resto de sanitarios.No causa daños.;Cristales, mármol y loza sanitaria
380382762;rotura de persiana de comedor. se ofrece falta de mantenimiento.;Mantenimiento
380383836;Actividad comercial: Diseño gráficoIndica que se cayó un Iphone 8 al suelo, tiene un año de antigÜedad, al parecer se trata de una herramienta de trabajo. Informo sobre envío de perito.;Otras contingencias
380384578;INQUILINOS / BARPor cortocircuito causo daños en la máquina de hielo y la camara frigòrifica. Han reparado de forma particular;Daños eléctricos
380385856;rotura de cristal de puerta correderra de comedor. por fuerte vientoEnviara documentacion para el estudio por parte de Compañia.no es duplicado;Cristales, mármol y loza sanitaria
380385864;Atasco en el baño de aseg. Tenia un expt en atasco al patio. No saqbe si tiene relaci n. Solo tiene un baño.;Daños por agua
380386748;EL ASEGURADO/A COMUNICA POR IMPACTO DE OLLA  SE DAñA VITROCERAMICA  INFORMO DOCUMENTACION A ENVIAR;Otras contingencias
380386755;ASEGURADA INFORMA DE ROTURA DE CRISTAL DE MAMPARA;Cristales, mármol y loza sanitaria
380389478;DAÑOS PERSONALES Y MATERIALES POR GOLPEO DE RAMA DE ÁRBOL;Otras causas
380390583;reclamacion cantidades a raiz de lesiones causadas en el accidente laboral;Otras causas
380392480;LLAMA LUCIA, AVERIA DE CERRADURA DE PUERTA DE ACCESO A LA VVDA, YA HA COMPRADO CERRADURA, INFOMRO DE GANRANTIA EXCEPCIONAL, MATERIAL SI NO SUPERA 10 EUROS, INFORMO SEGúN ARGUMENTARIO DE SEGURCAIXA ADESLAS, SOLICITA URGENCIA PUES NO PUEDEN C;Mantenimiento
380392522;LLAMA RAFA MARIDO DE ASG INDICA QUE TIENE ROTURA DE CRISTAL DE PUERTA DE SALON, ASG SOLICITA QUE NO INTERVENGA PROF QUE INTERVINO EN MARZO 2017 VERIFICAR E INFORMAR;Cristales, mármol y loza sanitaria
380395020;PropietarioRotura del cristal de la vitrocerámica a causa de un impacto con la olla.Marca: BoschAntigüedad: 4 añosReparado de forma particular, solicita indemnización.Facilito @ para envio de factura y fotográfias.;Cristales, mármol y loza sanitaria
380406728;LLAMA ASEGURADO INFORMA QUE POR POSIBLE ROTURA DE TUBERIA EMPOTRADA EN VIVIENDA PRODUCE MANCHA DE HUMEDAD EN TECHO DE PASILLO DE VECINO LEIDO ARGUEMN LIMITE 300 EUROS;Daños por agua
380407239;Acceden por el tejado y roban moviles, portátil y dinero en efectivo (300 euros aprox).;Robo
380409912;se debieron dejar abierta una llave y el parquet se ha levantado, reclaman los daños. ;EXPLOTACIÓN DAÑOS PERSONALES Y MATERIALES
380410001;daños en placas provocadas popr el gruista durante manipulacion. ;IMPACTO MAQUINARIA
380410001;daños en placas provocadas popr el gruista durante manipulacion.  ;IMPACTO MAQUINARIA
380410647;EL EMPLEADO/A DEL NEGOCIO DAVID COMUNICA QUE SALIO ARDIENDO LA FREIDORA DOBLE Y SE QUEMO EL FILTRO DE LA CAMPANA Y LAS DOS CESTAS DE LA FREIDORA.;Incendio
380414532;rotura de cristal de ventana abuhardillada, mantiene los vestigios.por impacto accidental.;Cristales, mármol y loza sanitaria
380417527;LLAMA BELLA, ESPOSA, INDICA QUE TAMBIEN HAY ATASCO EN DESAGUE DE LAVADORA#;Daños por agua
380418483;LLAMA ASEGURADA TIENE HUMEDAD EN TECHO DE ESCALERA EN LA PARTE SUPERIOR PASA TUBERIAS, LEIDO ARGUMENTARIO;Daños por agua
380419028;SE RECIBE LLAMADA DE ASEGURADO INDICANDO QUE DEBIDO AL VIENTO SE LE HA CAIDO UN TERRARIO Y LE HA ROTO LAS BALDOSAS DEL SUELO DE LA TERRAZA, LEIDO ARGUMENTARIO;Fenómenos atmosféricos
380422378;NOS INFORMA EL ASEGURADO QUE EL PASADO NOCHE DEL 23/01 LE ROBARON EN SU CASA UNIFAMILIAR EL VIDEOPORTERO LA PARTE DE ABAJO DEL PISO. NOS ENVIARA LA FACTURA DEL RECAMBIO Y SI NO LO ENCUENTRA COMPRARA UNO NUEVO;Robo
380422717;ROTURA DE GRIFO EN ASEO  INDICA QUE YA TIENE GRIFO COMPRADO;Mantenimiento
380425348;DAÑOS CAUSADOS POR IMPACTO A UNA MAQUINA DE LA EMPRESA LABORATORIOS DURANTE TRABAJOS DE INSTALACION DE UNA OBRA DE PANELERIA FARMACEUTICA.;Daños Materiales
380428466;LLAMA ASEG INFORMANDO QUE POR FUERTES VIENTOS SE LE HNA VOLADO VARIAS TEJAS Y HAY OTRAS QUE CORREN PELIGRO DE CAER A LA CALLE, POR FAVOR DAR CITA LO ANTES POSIBLE PARA EVITAR ESA CAIDA. CONFIRMEN;Fenómenos atmosféricos
380428615;FILTRACIONES - HUMEDADES EN TECHO DE BAÑO PLANTA SUPERIOR;Fenómenos atmosféricos
380430637;REPARAR FRIGORIFICO PROF INFORMA QUE HAY DOS FRIGOS, SE ABRE NUEVO SINIESTRO PARA FRIGO SIEMENS 7 AÑOS PROF CONFIRMA QUE TIENE AVERIA EN RESISTENCIA DE DESCARCHE;Daños eléctricos
380431213;EL ASEGURADO/A COMUNICA#QUE LA INQUILINA LE HA INFORMADO QUE UN RADIADOR LE PIERDE AGUA POR LA LLAVE DE PASO Y LE ESTA DAñANDO EL ZOCLO DE MADERA DE SALON SE LE INFORMA DE ARGUMENTARIO DE SEGURCAIXA Y DE COBERTURA EXCEPCIONAL;Daños por agua
380432955;Rotura de cristal de mesa a causa impacto. Guarda vestigios.;Cristales, mármol y loza sanitaria
380437004;DON ORIOL DE OFICINA 3211 INDICA MULTIPLES DAñOS EN LA MASIA DEBIDO A LAS FUERTES LLUVIAS. HA ENTRADO AGUA POR 6 PUNTOS DIFERENTES, DAñANDO PARQUET, PINTURA E INSTALACIóN ELéCTRICA.;Fenómenos atmosféricos
380438077;D. RAUL INFORMA AVERIA EN LAVAVAJILLAS, DESDE HACE UNOS DIAS PERO YA NO FUNCIONA, SE PARA DURANTE EL FUNCIONAMIENTO. LEIDO ARGUEMENTARIO;Daños eléctricos
380439943;CCPPRotura cristal puerta del ascensor, 1ª Planta ( ascensor izquierdo)  posible impacto.Cristal fijo, permanente y plano.Conserva vestigios Tiene garantia contratada, sin franquicias.;Cristales, mármol y loza sanitaria
380440701;Atasco en el fregadero de la cocina sin daños, repara de manera particular. Informo de la documentacion a enviar.;Daños por agua
380442723;ROTURA DE TUBER A EMPOTRADA DAñOS POR HUMEDADES EN PASILLO  POSIBLE ROTURA DE TUB. EMPOTRADA.;Mantenimiento
380445155;Aseg. informa de un atasco en el fregadero de la cocina. Sin daños.;Daños por agua
380446005;ASEGURADO INFORMA DE AVERIA DE GRIFO DE DUCHA;Mantenimiento
380447722;EL ASEGURADO/A LA MUJER   MONTSE.   INFORMA QUE  ESTA MOJANDO    EL TECHO DEL GARAJE DE UN VECINO  DE FORMA  CONSTANTE. CORTA LA LLAVE DE PASO .  LEO  ARTUMENTARIO  ATENDERA  ASEGURADO .;Daños por agua
380452383;FACTURACION SEGUNDA VISITA ACEPTADA POR PERITO;Daños por agua
380455121;GRIFERIA BAÑO;Mantenimiento
380455675;FUTBOL - ESGUINCE TOBILLO I.;Otras causas
380455725;ROTURA DE MAMPARA DE BAÑO CRISTAL DE MAMPARA DE BAñO POR IMPACTO SE HA ROTO Y TIENEN VESTIGIOS.;Cristales, mármol y loza sanitaria
380457408;EMPLEADO DE LA SUCURSAL SONIA DE OFICINA 253 COMUNICA QUE A LOS ASEGURADOS LES ENTRARON A ROBAR FORZANDO PERSIANA DE TERRAZA Y SE LLEVARON JOYAS Y DINERO. INFORMO ARGUMENTARIO, QUIERE REPARAR POR SU CUENTA, LA VIVIENDA ESTA DESPROTEGIDA, HA;Robo
380457523;Ajuste de puerta MANTENIMIENTO ASEG INDICA QUE POR LA HUMEDAD DEL AMBIENTE SE LE HA HINCHADO LA PUERTA DE ENTRADA Y NO CIERRA. INFORMADO LO QUE CUBRE POR MANTENIMIENTO. PIDE URGENTE PQ TIENE LA PUERTA ABIERTA.;Mantenimiento
380466292;ASEGURADA INDICA ROTURA DE GRIFO DE TERRAZA, SIN DAñOS. GOTEA. LEíDOS ARGUMENTARIOS.;Mantenimiento
380466383;REPARAR HORNO ROTA LA PUERTA POR IMPACTO ACCIDENTAL DE ASEGURADO QUE SE CAYO, LLAMA MARIA JESUS DE SUCURSAL 1913 PARA DAR PARTE;Otras contingencias
380466680;INFORMA ASEGURADO QUE AYER POR ACCIDENTE FORTUITO SU ESPOSA HA ROTO ESPEJO DE LA PEINADORA (MUEBLE) DEL DORMITORIO PRINCIPAL,;Cristales, mármol y loza sanitaria
380467423;ASEG. INFORMA DE DAñOS EN TOLDO POR TEMPORAL, VALORAR;Fenómenos atmosféricos
380471557;ASEGURADA INFORMA QUE HA ARDIDO DESHUMIDIFICADOR Y SE HAN MANCHADO PAREDES DE SU DORMITOIRO, LEIDO ARGUMENTARIO, NOS ATIENDE ELLA ***** LLAMAR ANTES DE ACUDIR *****;Incendio
380472324;Cafetería/Rte. Alquiler. 18/01/2018 A una de las camareras se le cayó una botella de cristal encima del móvil de un cliente, provocando su rotura. Aporta documentación para su estudio.;OTRAS CAUSAS R.C. ACTIVIDAD COM.
380474049;Causa daños en techo del baño de vecina inferior a causa de filtración por el plato de ducha por posible falta de sellado. No dispone de factura todavía pero la remitirá. Solicita revisar daños en vecina.;Daños por agua
380474171;Rotura de 2 cristales de ventana de aluminio de recibidor. Se han rajado. Conserva vestigios.;Cristales, mármol y loza sanitaria
380474213;No puede subir persiana manual, de ventana de salón;Mantenimiento
380475566;posible rotura de tuberia empotrada del cuarto de baño , ocasionando daños en habitacion colindante  , se le ha levantado el parquet. Repara de manera particular y remite docuemntación para su estudio.;Fenómenos atmosféricos
380475608;posible rotura de tuberia vista del lavabo, sin daños ocasionados.;Cristales, mármol y loza sanitaria
380477091;Informan que el vecino inferior es calado por el techo por causas de nuestro aseg.  posible rotura de tuberia empotrada .Desconocen porque estancia estan calando al vecino inferior y solicitan se pueda verificar dichos daños ya que c a co;Daños por agua
380478370;EL ASEGURADO/A COMUNICA HUMEDAD EN TECHO DE SALON QUE COLINDA CON BAñO DE PLANTA SUPERIOR.INFORMO DE ARGUMENTARIO DE SEGURCAIXA;Daños por agua
380479436;EL MARIDO COMUNICA CALENTADOR DE GAS DAñADO QUE REPARARA ASEGURADO Y  DAñOS DEL VECINO DE ABAJO  ARGUMENTARIO INFORMADO;Daños por agua
380481507;EL ASEGURADO/A COMUNICA ROTURA DE CRISTAL DE DOS VENTANAS DE LA VVDA POR FUERTE VIENTO, HA REPARADO YA, INDICO DIRECCION DE CORREO Y REFERENCIA PARA ENVIO DE DOC PARA ESTUDIO.;Cristales, mármol y loza sanitaria
380482521;Posible rotura de tubería empotrada en techo de habitación que provoca una humedad que debilita el techo. Se ha caído parte de la escayola. Verificar origen.;Daños por agua
380483255;LLAMA FPUAD DE LA 1542 PARA DECIR Q POR UN CHISPAZO EN EL CUADRO DE LA LUZ LA INSTALACION LA TIENE BIEN PERO DEBIDO AL EFECTO DEL CALOR LA TAPA DEL REGISTRO ESTA DAÑADA ENVIARA EL PTO POR EMAIL LE FACILITO Nº SINIESTRO;Otras contingencias
380483461;ASEG INFORMA QUE LE ESTA OCASIONANDO DAñOS EN TECHO DE PISO INFERIOR A TRAVES DE SU BAñO;Daños por agua
380486076;JUAN ESPOSO INFORMA QUE SE LE CAYó UN FRASCO EN EL LAVABO HACE UNA SEMANA. LEíDO ARGUMENTARIO. [TIENE QUE USAR POR PRESCRIPCIóN MéDICA VASELINA, QUE HACE QUE SE ESCURRIERA EL BOTE];Cristales, mármol y loza sanitaria
380486415;ATASCO EN LAVABO DEL BAñO Y FREGADERO DE LA COCINA;Daños por agua
380486431;LLAMA ASEGURADO. POR ROTURA DE TUBERIA EN BAñO CON NUMEROSOS DAñOS EN PISO INFERIOR;Daños por agua
380486498;INFORMA JUAN ESPOSO DE ASEGURADA VIVIE EN UN BJ TRAS LAS FUERTES LLUVIAS DEL PASADO 25 Ó 26 LE FILTRARON POR LA CELOSÍA DE LA TERRAZA PRIVATIVA. SE LE MO#JO EL CALENTADOR ENVIA FRA PARA ESTUDIO DE VIA Y EXIGE PERITO YA QUE SE LOHEMOS DESEST;Daños eléctricos
380486787;EL ASEGURADO/A COMUNICA AVERIA EN MECANISMO DE CISTERNA;Mantenimiento
380487363;VISITA DEL SV 5750256;Daños por agua
380487447;RAFA MARIDO DE ASEGURADA INFORMA QUE HACE UNOS MESES QUE NO TIENE PRESIóN NI CASI AGUA CALIENTE, SOLICITA LOCALIZAR AVERIA, INFORMO DE ARGUMENTARIO;Daños por agua
380488650;atasco sin dañosSolicita aseg el #Servicio preventivo de desagües y desatasco#;Mantenimiento
380490409;Delicte lleu de furt.;Daños Materiales
380490631;PASAJERA MANIFIESTA QUE SU HIJO SE PILLA MANO CON PUERTA ASCENSOR.;Otras causas
380492975;LLAMA ASEGURADO INDICA QUE VECINO DE LOCAL IZQUIERDO TIENE HUMEDADES EN PARED DE LOCAL QUE COINCIDE CON BAñO DE ASEGURADO #;Daños por agua
380494088;ADMINISTRADORA INDICA INTENTO DE ROBO EN VIVIENDA.HAN FORZADO CERRADURA DE PUERTA PRINCIPAL.REPARAR PARTICULARMENTE ENVIARA FACTURA Y DENUNCIA A CIA PARA SU ESTUDIO;Robo
380495242;LLAMA AGENTE PATRICIA SUCURSAL 7166 POR UNA SUBIDA DE TENSION SE LE HA ESTROPEADO EL VIDEO PORTERO Y LA ANTENA;Daños eléctricos
380496182;Bajó al trastero y observo que le habian abierto el trastero y le robaron la bicicleta, forzadon puerta mediante palanca.Tiene denuncia. Bici valorada aprox en 450 #.Ha podido cerrar la puerta pero esta dañada, es metalica.;Robo
380496356;daños en azulejos de suelo cocina , posible rotura de tuberia empotrada en suelo de cocina;Daños por agua
380500637;LLAMA AGENTE JAVIER  E INDICA QUE SE ESTA CALLENDO EL ALICATO DE PARED E COCINA. POSIBLE ROTURA DE TUBERIA. LEIDO ARGUMENTARIO SEGURCAIXA. SOLICITA PROFESIONAL.;Daños por agua
380500660;LLAMA ESPOSO DE ASEGURADA CASIMIRO INFORMA QUE POR GOLPE ACCIDENTAL SE LE ROMPE EL GRIFO DEL BIDET. LEIDO ARGUMENTARIO.;Otras contingencias
380501262;LLAMA ASEGURADA INDICA QUE SU PERRO HA MORDIDO A UNA PERSONA  ENVIAR  DOCUMETACI N;Responsabilidad civil
380503128;LLAMA NURIA MUJER ASEGURADO POR ATASCO FREGADERO DE LA COCINA .LEIDO TEXTO SEGURCAIXA;Daños por agua
380504340;averia de grifo de ducha  sin dañosse informa de garantia de mantenimiento y limite;Mantenimiento
380504357;ATAQUE DE LOCO. CUYO RESULTADO HA SIDO LA MUERTE DE UN TERNERO DE EDAD INFERIOR A TRES MESES.;Daños Materiales
380504357;ATAQUE DE LOCO. CUYO RESULTADO HA SIDO LA MUERTE DE UN TERNERO DE EDAD INFERIOR A TRES MESES. ;Daños Materiales
380504597;Se ha roto el espejo del cuarto de baño, está empotrado en la pared. Conserva vestigios. Espejo liso de grandes dimensiones.;Cristales, mármol y loza sanitaria
380505750;ASG INFORMA DE ROTURA DE CRISTAL DE MESA DE CENTRO DE SALóN. REPARA CON OPERARIO PARTICULAR. REMITIRá FRA. Y FOTOGRAFíAS;Cristales, mármol y loza sanitaria
380507061;ROTURA DE TUBERÍA VISTA DAVID INQ AUTORIZADO, INF. DE NUEVO STRO. SERVICIO PARA GERARDO MARBáN QUE STá EN LA VVDA. PARA SUSTITC. DE TUB. VISTA DE SIFóN DE FREGADERO DE COCINA, LOCALIZAR, CONFIRMAR, PASAR PPTOS. Y FOTOS.;Daños por agua
380507434;SE RECIBE L.O CON PRESUUPESTO DEREP REMITIRA FOTO;Daños por agua
380508622;CasaDebido a un cortocircuito en linea eléctrica, averia en horno y vitrocerámica.Vitro y horno: Gama blanca. Marca Whirlpool, modelo xxx, antigüedad 4 años.Informo argumentario y procedimiento. Enviará documentación para su est;Daños eléctricos
380509323;EL ASEGURADO/A COMUNICA ATASCO EN TENDEDERO DE COCINA PARA PODER REPARARLO CREE QUE TENDRA QEU SER POR LOCAL DE ABAJO SEGUN LE INDICO FONTANERO NUESTRO EN ANTERIOR SINIESTRO VERIFICAR ESTE ATASCO, LEIDO ARGUMENTARIO;Daños por agua
380509851;EL ASEGURADO/A COMUNICA SE HA DESPRENDIDO EL TERMO ELECTRICO TIENE DAñOS EN AZULEJOS DE LA COCINA# TIENE DAñOS POR# AGUA EN RODAPIE Y EN PARED DE PORTAL COMUNITARIO VERIFICAR INSTALACIONLEIDO ARGUMENTARIO;Otras contingencias
380510305;Rotura de cristal por impacto de asegurado, al salir de la ducha lo ha golpeado. No hay daños en estructura.;Cristales, mármol y loza sanitaria
380514315;FATIMA OFICINA 2608# NOS PASA A ASEGURADA PARA ABRIR SINIESTRO INFORMA DE DAÑOS EN HUMEDAD EN PARED# DE PASILLO Y SUELO DEL MISMO COLINDANTE CON ZONA DE LAVADERO# DONDE ESTA CALDERA DESCONOCE ORIGEN, Y SI TIENEN AGUA CORTADA## ATIENDE INQUI;Daños por agua
380514661;ROTURA DE TUBERÍA EMPOTRADA POSIBLE ROTURA DE TUBERíA EMPOTRADA, CAUSA DAñOS POR HUMEDAD EN PARED COLINDANTE Y EN TECHO DE VECINO INFERIOR, APERTURA DE SINIESTRO POR TAMARA, HIJA DE ASEGURADO;Daños por agua
380516963;rotura de cristal de placa vitrocéramica  marca neff  , 3 fuegosorigen impacto accidental envian documentación para estudio;Cristales, mármol y loza sanitaria
380517680;rotura mesa cristal del salón , por impacto con bandeja metálica.guarda vestigios .;Cristales, mármol y loza sanitaria
380518613;POR ACTO VANDALICO. vivienda unifamiliar.han introducido algo en la cerradura de la puerta principal de acceso a la vivienda. asegurada puede acceder a la vivienda por una puerta trasera.;Actos vandálicos y otros
718000263;Funerària Torra;Otras causas
718000293;Interfunerarias - Madrid ACTÚAN DE MANERA PRIVADA. PÓLIZA SUSPENDIDA.;Otras causas
718000334;MEMORA;Otras causas
718000498;Áltima - Serveis Funeraris Integrals LA FAMILIA TRIA TANATORI RONDA DE DALT;Otras causas
718000789;Memora-Serveis Funeraris De Barcelona, S.a.;Otras causas
718000823;Memora-Serveis Funeraris De Barcelona, S.a. TANATORI SANT GERVASI;Otras causas
718001000;NEVASA;Otras causas
718001112;ALTIMA;Otras causas
718001129;MEMORA;Otras causas
718001220;NEVASA;Otras causas
